symbol,name_en,name_he,tase_number,asset_type,market,currency,sector,country,dual_listing_group
TEVA.TA,Teva Pharmaceutical Industries,טבע,629014,stock,TASE,ILS,Healthcare,Israel,TEVA
LUMI.TA,Bank Leumi,לאומי,604611,stock,TASE,ILS,Financials,Israel,
POLI.TA,Bank Hapoalim,פועלים,662577,stock,TASE,ILS,Financials,Israel,
DSCT.TA,Israel Discount Bank,דיסקונט,691212,stock,TASE,ILS,Financials,Israel,
MZTF.TA,Mizrahi Tefahot Bank,מזרחי טפחות,695437,stock,TASE,ILS,Financials,Israel,
FIBI.TA,First International Bank of Israel,הבינלאומי,593038,stock,TASE,ILS,Financials,Israel,
ESLT.TA,Elbit Systems,אלביט מערכות,1081124,stock,TASE,ILS,Industrials,Israel,ESLT
NICE.TA,NICE Ltd,נייס,273011,stock,TASE,ILS,Technology,Israel,NICE
ICL.TA,ICL Group,איי.סי.אל,281014,stock,TASE,ILS,Materials,Israel,ICL
AZRG.TA,Azrieli Group,עזריאלי,1119478,stock,TASE,ILS,Real Estate,Israel,
BEZQ.TA,Bezeq The Israel Telecommunication,בזק,230011,stock,TASE,ILS,Communication Services,Israel,
AMOT.TA,Amot Investments,עמות,,stock,TASE,ILS,Real Estate,Israel,
MLSR.TA,Melisron,מליסרון,,stock,TASE,ILS,Real Estate,Israel,
BIG.TA,Big Shopping Centers,ביג,,stock,TASE,ILS,Real Estate,Israel,
ORA.TA,Ormat Technologies,אורמת טכנולוגיות,,stock,TASE,ILS,Utilities,Israel,ORMAT
PHOE.TA,Phoenix Holdings,הפניקס,,stock,TASE,ILS,Financials,Israel,
HARL.TA,Harel Insurance Investments,הראל השקעות,,stock,TASE,ILS,Financials,Israel,
MGDL.TA,Migdal Insurance,מגדל ביטוח,,stock,TASE,ILS,Financials,Israel,
CLIS.TA,Clal Insurance Enterprises,כלל עסקי ביטוח,,stock,TASE,ILS,Financials,Israel,
MMHD.TA,Menora Mivtachim Holdings,מנורה מבטחים,,stock,TASE,ILS,Financials,Israel,
PTNR.TA,Partner Communications,פרטנר,,stock,TASE,ILS,Communication Services,Israel,PARTNER
CEL.TA,Cellcom Israel,סלקום,,stock,TASE,ILS,Communication Services,Israel,
STRS.TA,Strauss Group,שטראוס,,stock,TASE,ILS,Consumer Staples,Israel,
SAE.TA,Shufersal,שופרסל,,stock,TASE,ILS,Consumer Staples,Israel,
RMLI.TA,Rami Levy Chain Stores,רמי לוי,,stock,TASE,ILS,Consumer Staples,Israel,
ENLT.TA,Enlight Renewable Energy,אנלייט,,stock,TASE,ILS,Utilities,Israel,ENLIGHT
NVMI.TA,Nova Ltd,נובה,,stock,TASE,ILS,Technology,Israel,NOVA
TSEM.TA,Tower Semiconductor,טאואר,,stock,TASE,ILS,Technology,Israel,TOWER
CAMT.TA,Camtek,קמטק,,stock,TASE,ILS,Technology,Israel,CAMTEK
FORTY.TA,Formula Systems,פורמולה,,stock,TASE,ILS,Technology,Israel,FORMULA
DLEKG.TA,Delek Group,קבוצת דלק,,stock,TASE,ILS,Energy,Israel,
ENOG.TA,Energean,אנרג'יאן,,stock,TASE,ILS,Energy,Israel,
ORL.TA,Bazan Oil Refineries,בזן,,stock,TASE,ILS,Energy,Israel,
ELCO.TA,Elco Ltd,אלקו,,stock,TASE,ILS,Industrials,Israel,
ALHE.TA,Alony Hetz Properties,אלוני חץ,,stock,TASE,ILS,Real Estate,Israel,
ISCD.TA,Isracard,ישראכרט,,stock,TASE,ILS,Financials,Israel,
SPEN.TA,Shapir Engineering and Industry,שפיר הנדסה,,stock,TASE,ILS,Industrials,Israel,
AFRE.TA,Africa Israel Residences,אפריקה ישראל מגורים,,stock,TASE,ILS,Real Estate,Israel,
GZT.TA,Gazit Globe,גזית גלוב,,stock,TASE,ILS,Real Estate,Israel,
DIMRI.TA,Y.H. Dimri Construction,דמרי,,stock,TASE,ILS,Real Estate,Israel,
MVNE.TA,Mivne Real Estate,מבנה,,stock,TASE,ILS,Real Estate,Israel,
ILCO.TA,Israel Corporation,החברה לישראל,,stock,TASE,ILS,Industrials,Israel,
OPCE.TA,OPC Energy,אופ סי אנרג'י,,stock,TASE,ILS,Utilities,Israel,
SKBN.TA,Shikun & Binui,שיכון ובינוי,,stock,TASE,ILS,Industrials,Israel,
ELTR.TA,Electra Ltd,אלקטרה,,stock,TASE,ILS,Industrials,Israel,
ELAL.TA,El Al Israel Airlines,אל על,,stock,TASE,ILS,Industrials,Israel,
NXSN.TA,Next Vision Stabilized Systems,נקסט ויז'ן,,stock,TASE,ILS,Industrials,Israel,
HLAN.TA,Hilan Ltd,הילן,,stock,TASE,ILS,Technology,Israel,
RIT1.TA,Reit 1,ריט 1,,stock,TASE,ILS,Real Estate,Israel,
AURA.TA,Aura Investments,אאורה,,stock,TASE,ILS,Real Estate,Israel,
TEVA,Teva Pharmaceutical Industries (NYSE),טבע,,stock,US,USD,Healthcare,Israel,TEVA
NICE,NICE Ltd (Nasdaq),נייס,,stock,US,USD,Technology,Israel,NICE
ESLT,Elbit Systems (Nasdaq),אלביט מערכות,,stock,US,USD,Industrials,Israel,ESLT
ICL,ICL Group (NYSE),איי.סי.אל,,stock,US,USD,Materials,Israel,ICL
ORA,Ormat Technologies (NYSE),אורמת טכנולוגיות,,stock,US,USD,Utilities,Israel,ORMAT
PTNR,Partner Communications (Nasdaq),פרטנר,,stock,US,USD,Communication Services,Israel,PARTNER
NVMI,Nova Ltd (Nasdaq),נובה,,stock,US,USD,Technology,Israel,NOVA
TSEM,Tower Semiconductor (Nasdaq),טאואר,,stock,US,USD,Technology,Israel,TOWER
CAMT,Camtek (Nasdaq),קמטק,,stock,US,USD,Technology,Israel,CAMTEK
ENLT,Enlight Renewable Energy (Nasdaq),אנלייט,,stock,US,USD,Utilities,Israel,ENLIGHT
FORTY,Formula Systems (Nasdaq),פורמולה,,stock,US,USD,Technology,Israel,FORMULA
CHKP,Check Point Software Technologies,צ'ק פוינט,,stock,US,USD,Technology,Israel,
WIX,Wix.com,וויקס,,stock,US,USD,Technology,Israel,
CYBR,CyberArk Software,סייברארק,,stock,US,USD,Technology,Israel,
MNDY,monday.com,מונדיי,,stock,US,USD,Technology,Israel,
GLBE,Global-E Online,,,stock,US,USD,Technology,Israel,
INMD,InMode,,,stock,US,USD,Healthcare,Israel,
FVRR,Fiverr International,,,stock,US,USD,Communication Services,Israel,
LMND,Lemonade,,,stock,US,USD,Financials,Israel,
PAYO,Payoneer Global,,,stock,US,USD,Financials,Israel,
SEDG,SolarEdge Technologies,,,stock,US,USD,Technology,Israel,
NNOX,Nano-X Imaging,,,stock,US,USD,Healthcare,Israel,
ZIM,ZIM Integrated Shipping Services,,,stock,US,USD,Industrials,Israel,
CLBT,Cellebrite DI,,,stock,US,USD,Technology,Israel,
RDWR,Radware,,,stock,US,USD,Technology,Israel,
JFRG,JFrog,,,stock,US,USD,Technology,Israel,
GILT,Gilat Satellite Networks,,,stock,US,USD,Technology,Israel,
AUDC,AudioCodes,,,stock,US,USD,Technology,Israel,
MGIC,Magic Software Enterprises,,,stock,US,USD,Technology,Israel,
AAPL,Apple,אפל,,stock,US,USD,Technology,United States,
MSFT,Microsoft,מיקרוסופט,,stock,US,USD,Technology,United States,
NVDA,NVIDIA,אנבידיה,,stock,US,USD,Technology,United States,
GOOGL,Alphabet Class A,אלפבית,,stock,US,USD,Communication Services,United States,
GOOG,Alphabet Class C,,,stock,US,USD,Communication Services,United States,
AMZN,Amazon.com,אמזון,,stock,US,USD,Consumer Discretionary,United States,
META,Meta Platforms,מטא,,stock,US,USD,Communication Services,United States,
TSLA,Tesla,טסלה,,stock,US,USD,Consumer Discretionary,United States,
BRK-B,Berkshire Hathaway Class B,,,stock,US,USD,Financials,United States,
AVGO,Broadcom,,,stock,US,USD,Technology,United States,
LLY,Eli Lilly,,,stock,US,USD,Healthcare,United States,
JPM,JPMorgan Chase,,,stock,US,USD,Financials,United States,
V,Visa,,,stock,US,USD,Financials,United States,
UNH,UnitedHealth Group,,,stock,US,USD,Healthcare,United States,
XOM,Exxon Mobil,,,stock,US,USD,Energy,United States,
WMT,Walmart,,,stock,US,USD,Consumer Staples,United States,
MA,Mastercard,,,stock,US,USD,Financials,United States,
JNJ,Johnson & Johnson,,,stock,US,USD,Healthcare,United States,
PG,Procter & Gamble,,,stock,US,USD,Consumer Staples,United States,
HD,Home Depot,,,stock,US,USD,Consumer Discretionary,United States,
COST,Costco Wholesale,,,stock,US,USD,Consumer Staples,United States,
ORCL,Oracle,,,stock,US,USD,Technology,United States,
NFLX,Netflix,נטפליקס,,stock,US,USD,Communication Services,United States,
BAC,Bank of America,,,stock,US,USD,Financials,United States,
KO,Coca-Cola,,,stock,US,USD,Consumer Staples,United States,
ABBV,AbbVie,,,stock,US,USD,Healthcare,United States,
CVX,Chevron,,,stock,US,USD,Energy,United States,
CRM,Salesforce,,,stock,US,USD,Technology,United States,
AMD,Advanced Micro Devices,,,stock,US,USD,Technology,United States,
PEP,PepsiCo,,,stock,US,USD,Consumer Staples,United States,
ADBE,Adobe,,,stock,US,USD,Technology,United States,
TMO,Thermo Fisher Scientific,,,stock,US,USD,Healthcare,United States,
MRK,Merck & Co,,,stock,US,USD,Healthcare,United States,
CSCO,Cisco Systems,,,stock,US,USD,Technology,United States,
MCD,McDonald's,,,stock,US,USD,Consumer Discretionary,United States,
DIS,Walt Disney,,,stock,US,USD,Communication Services,United States,
ABT,Abbott Laboratories,,,stock,US,USD,Healthcare,United States,
WFC,Wells Fargo,,,stock,US,USD,Financials,United States,
INTC,Intel,,,stock,US,USD,Technology,United States,
QCOM,Qualcomm,,,stock,US,USD,Technology,United States,
TXN,Texas Instruments,,,stock,US,USD,Technology,United States,
IBM,IBM,,,stock,US,USD,Technology,United States,
GE,GE Aerospace,,,stock,US,USD,Industrials,United States,
CAT,Caterpillar,,,stock,US,USD,Industrials,United States,
NKE,Nike,,,stock,US,USD,Consumer Discretionary,United States,
PFE,Pfizer,,,stock,US,USD,Healthcare,United States,
UBER,Uber Technologies,,,stock,US,USD,Industrials,United States,
PLTR,Palantir Technologies,,,stock,US,USD,Technology,United States,
PYPL,PayPal,,,stock,US,USD,Financials,United States,
LMT,Lockheed Martin,,,stock,US,USD,Industrials,United States,
SPY,SPDR S&P 500 ETF Trust,אס אנד פי 500,,etf,US,USD,Diversified,United States,
VOO,Vanguard S&P 500 ETF,,,etf,US,USD,Diversified,United States,
IVV,iShares Core S&P 500 ETF,,,etf,US,USD,Diversified,United States,
QQQ,Invesco QQQ Trust,נאסדק 100,,etf,US,USD,Diversified,United States,
VTI,Vanguard Total Stock Market ETF,,,etf,US,USD,Diversified,United States,
VT,Vanguard Total World Stock ETF,,,etf,US,USD,Diversified,Global,
VXUS,Vanguard Total International Stock ETF,,,etf,US,USD,Diversified,Global,
IWM,iShares Russell 2000 ETF,,,etf,US,USD,Diversified,United States,
DIA,SPDR Dow Jones Industrial Average ETF,,,etf,US,USD,Diversified,United States,
EFA,iShares MSCI EAFE ETF,,,etf,US,USD,Diversified,Global,
EEM,iShares MSCI Emerging Markets ETF,,,etf,US,USD,Diversified,Global,
AGG,iShares Core U.S. Aggregate Bond ETF,,,etf,US,USD,Diversified,United States,
BND,Vanguard Total Bond Market ETF,,,etf,US,USD,Diversified,United States,
TLT,iShares 20+ Year Treasury Bond ETF,,,etf,US,USD,Diversified,United States,
GLD,SPDR Gold Shares,,,etf,US,USD,Materials,Global,
SLV,iShares Silver Trust,,,etf,US,USD,Materials,Global,
VNQ,Vanguard Real Estate ETF,,,etf,US,USD,Real Estate,United States,
XLK,Technology Select Sector SPDR Fund,,,etf,US,USD,Technology,United States,
XLF,Financial Select Sector SPDR Fund,,,etf,US,USD,Financials,United States,
XLE,Energy Select Sector SPDR Fund,,,etf,US,USD,Energy,United States,
XLV,Health Care Select Sector SPDR Fund,,,etf,US,USD,Healthcare,United States,
XLY,Consumer Discretionary Select Sector SPDR Fund,,,etf,US,USD,Consumer Discretionary,United States,
XLP,Consumer Staples Select Sector SPDR Fund,,,etf,US,USD,Consumer Staples,United States,
XLI,Industrial Select Sector SPDR Fund,,,etf,US,USD,Industrials,United States,
XLU,Utilities Select Sector SPDR Fund,,,etf,US,USD,Utilities,United States,
SCHD,Schwab U.S. Dividend Equity ETF,,,etf,US,USD,Diversified,United States,
VUG,Vanguard Growth ETF,,,etf,US,USD,Diversified,United States,
ARKK,ARK Innovation ETF,,,etf,US,USD,Technology,United States,
SMH,VanEck Semiconductor ETF,,,etf,US,USD,Technology,United States,
EIS,iShares MSCI Israel ETF,,,etf,US,USD,Diversified,Israel,
ISRA,VanEck Israel ETF,,,etf,US,USD,Diversified,Israel,
IBIT,iShares Bitcoin Trust ETF,,,etf,US,USD,Crypto,Global,
BTC-USD,Bitcoin,ביטקוין,,crypto,CRYPTO,USD,Crypto,Global,
ETH-USD,Ethereum,את'ריום,,crypto,CRYPTO,USD,Crypto,Global,
USDT-USD,Tether,,,crypto,CRYPTO,USD,Crypto,Global,
XRP-USD,XRP,,,crypto,CRYPTO,USD,Crypto,Global,
BNB-USD,BNB,,,crypto,CRYPTO,USD,Crypto,Global,
SOL-USD,Solana,,,crypto,CRYPTO,USD,Crypto,Global,
USDC-USD,USD Coin,,,crypto,CRYPTO,USD,Crypto,Global,
DOGE-USD,Dogecoin,,,crypto,CRYPTO,USD,Crypto,Global,
ADA-USD,Cardano,,,crypto,CRYPTO,USD,Crypto,Global,
TRX-USD,TRON,,,crypto,CRYPTO,USD,Crypto,Global,
AVAX-USD,Avalanche,,,crypto,CRYPTO,USD,Crypto,Global,
LINK-USD,Chainlink,,,crypto,CRYPTO,USD,Crypto,Global,
DOT-USD,Polkadot,,,crypto,CRYPTO,USD,Crypto,Global,
LTC-USD,Litecoin,,,crypto,CRYPTO,USD,Crypto,Global,
SHIB-USD,Shiba Inu,,,crypto,CRYPTO,USD,Crypto,Global,
